{
    "blend": {
        "func": "add",
        "srcrgb": "one",
        "dstrgb": "zero"
    },
    "vertex": "rayshaders_bloom",
    "fragment": "rayshaders_bloom",
    "attributes": [ "Position" ],
    "samplers": [
        { "name": "DiffuseSampler" }
    ],
    "uniforms": [
        { "name": "ProjMat", "type": "matrix4x4", "count": 16, "values": [ 1.0, 0.0, 0.0, 0.0, 0.0, 1.0, 0.0, 0.0, 0.0, 0.0, 1.0, 0.0, 0.0, 0.0, 0.0, 1.0 ] },
        { "name": "OutSize", "type": "float",     "count": 2,  "values": [ 1.0, 1.0 ] },
        { "name": "_kG8yR9nX", "type": "float",     "count": 1,  "values": [ 3.5 ] },
        { "name": "_xM5zQ7cL", "type": "float",     "count": 1,  "values": [ 8 ] },
        { "name": "_sU9eJ660", "type": "float",     "count": 1,  "values": [ 1.0 ] },
        { "name": "_sU9eJ661", "type": "float",     "count": 1,  "values": [ 0.99999 ] },
        { "name": "_sU9eJ662", "type": "float",     "count": 1,  "values": [ 0.00002 ] },
        { "name": "_sU9eJ663", "type": "float",     "count": 1,  "values": [ 2.5 ] },
        { "name": "OutSize", "type": "float",     "count": 2,  "values": [ 1.0, 1.0 ] },
        { "name": "Time",    "type": "float",     "count": 1,  "values": [ 1.0 ] }
        
    ]
}
